name,original_id,p0010001_2020,p0010002_2020,p0010003_2020,p0010004_2020,p0010005_2020,p0010006_2020,p0010007_2020,p0010008_2020,p0010009_2020,p0010010_2020,p0010011_2020,p0010012_2020,p0010013_2020,p0010014_2020,p0010015_2020,p0010016_2020,p0010017_2020,p0010018_2020,p0010019_2020,p0010020_2020,p0010021_2020,p0010022_2020,p0010023_2020,p0010024_2020,p0010025_2020,p0010026_2020,p0010027_2020,p0010028_2020,p0010029_2020,p0010030_2020,p0010031_2020,p0010032_2020,p0010033_2020,p0010034_2020,p0010035_2020,p0010036_2020,p0010037_2020,p0010038_2020,p0010039_2020,p0010040_2020,p0010041_2020,p0010042_2020,p0010043_2020,p0010044_2020,p0010045_2020,p0010046_2020,p0010047_2020,p0010048_2020,p0010049_2020,p0010050_2020,p0010051_2020,p0010052_2020,p0010053_2020,p0010054_2020,p0010055_2020,p0010056_2020,p0010057_2020,p0010058_2020,p0010059_2020,p0010060_2020,p0010061_2020,p0010062_2020,p0010063_2020,p0010064_2020,p0010065_2020,p0010066_2020,p0010067_2020,p0010068_2020,p0010069_2020,p0010070_2020,p0010071_2020,p0010001_2010,p0010002_2010,p0010003_2010,p0010004_2010,p0010005_2010,p0010006_2010,p0010007_2010,p0010008_2010,p0010009_2010,p0010010_2010,p0010011_2010,p0010012_2010,p0010013_2010,p0010014_2010,p0010015_2010,p0010016_2010,p0010017_2010,p0010018_2010,p0010019_2010,p0010020_2010,p0010021_2010,p0010022_2010,p0010023_2010,p0010024_2010,p0010025_2010,p0010026_2010,p0010027_2010,p0010028_2010,p0010029_2010,p0010030_2010,p0010031_2010,p0010032_2010,p0010033_2010,p0010034_2010,p0010035_2010,p0010036_2010,p0010037_2010,p0010038_2010,p0010039_2010,p0010040_2010,p0010041_2010,p0010042_2010,p0010043_2010,p0010044_2010,p0010045_2010,p0010046_2010,p0010047_2010,p0010048_2010,p0010049_2010,p0010050_2010,p0010051_2010,p0010052_2010,p0010053_2010,p0010054_2010,p0010055_2010,p0010056_2010,p0010057_2010,p0010058_2010,p0010059_2010,p0010060_2010,p0010061_2010,p0010062_2010,p0010063_2010,p0010064_2010,p0010065_2010,p0010066_2010,p0010067_2010,p0010068_2010,p0010069_2010,p0010070_2010,p0010071_2010,p0010001_change,p0010002_change,p0010003_change,p0010004_change,p0010005_change,p0010006_change,p0010007_change,p0010008_change,p0010009_change,p0010010_change,p0010011_change,p0010012_change,p0010013_change,p0010014_change,p0010015_change,p0010016_change,p0010017_change,p0010018_change,p0010019_change,p0010020_change,p0010021_change,p0010022_change,p0010023_change,p0010024_change,p0010025_change,p0010026_change,p0010027_change,p0010028_change,p0010029_change,p0010030_change,p0010031_change,p0010032_change,p0010033_change,p0010034_change,p0010035_change,p0010036_change,p0010037_change,p0010038_change,p0010039_change,p0010040_change,p0010041_change,p0010042_change,p0010043_change,p0010044_change,p0010045_change,p0010046_change,p0010047_change,p0010048_change,p0010049_change,p0010050_change,p0010051_change,p0010052_change,p0010053_change,p0010054_change,p0010055_change,p0010056_change,p0010057_change,p0010058_change,p0010059_change,p0010060_change,p0010061_change,p0010062_change,p0010063_change,p0010064_change,p0010065_change,p0010066_change,p0010067_change,p0010068_change,p0010069_change,p0010070_change,p0010071_change
"Congress Heights, Bellevue, Washington Highlands",Cluster 39,30607,29470,421,28439,111,90,4,405,1137,986,357,28,18,6,74,226,50,9,186,4,0,17,5,6,0,137,74,1,2,23,0,0,12,5,5,1,5,2,1,2,3,0,0,0,1,0,13,3,3,6,0,1,0,0,0,0,0,0,0,0,0,0,1,1,0,0,0,0,0,0,0,27989,27574,305,27065,57,48,5,94,415,324,110,4,6,0,10,99,37,8,39,1,0,0,0,9,1,81,54,17,1,1,0,0,0,2,0,0,1,2,2,0,1,0,0,0,0,0,10,8,0,0,0,1,0,0,0,0,0,0,0,0,1,0,0,0,0,0,0,0,0,0,0,0.09353674657901319,0.06876042648872126,0.380327868852459,0.05076667282468132,0.9473684210526315,0.875,-0.2,3.3085106382978724,1.7397590361445783,2.04320987654321,2.2454545454545456,6.0,2.0,,6.4,1.2828282828282829,0.35135135135135137,0.125,3.769230769230769,3.0,,,,-0.3333333333333333,-1.0,0.691358024691358,0.37037037037037035,-0.9411764705882353,1.0,22.0,,,,1.5,,,4.0,0.0,-0.5,,2.0,,,,,,0.3,-0.625,,,,0.0,,,,,,,,,-1.0,,,,,,,,,,
"Douglas, Shipley Terrace",Cluster 38,12750,12355,150,11988,35,38,3,141,395,323,122,10,6,0,23,70,18,2,65,0,0,3,2,2,0,66,25,9,0,10,3,0,6,4,2,0,3,0,1,1,0,0,0,0,0,2,3,0,0,3,0,0,0,0,0,0,0,0,0,0,0,0,3,1,1,0,0,0,1,0,0,11919,11770,86,11608,11,24,1,40,149,119,30,0,2,0,4,55,16,2,10,0,0,0,0,0,0,28,18,1,0,0,0,0,0,0,0,0,0,0,0,0,9,0,0,0,0,0,2,1,0,1,0,0,0,0,0,0,0,0,0,0,0,0,0,0,0,0,0,0,0,0,0,0.069720614145482,0.04970263381478335,0.7441860465116279,0.03273604410751206,2.1818181818181817,0.5833333333333334,2.0,2.525,1.651006711409396,1.7142857142857142,3.066666666666667,,2.0,,4.75,0.2727272727272727,0.125,0.0,5.5,,,,,,,1.3571428571428572,0.3888888888888889,8.0,,,,,,,,,,,,,-1.0,,,,,,0.5,-1.0,,2.0,,,,,,,,,,,,,,,,,,,,,
"Woodland/Fort Stanton, Garfield Heights, Knox Hill",Cluster 36,7551,7322,93,7140,15,16,1,57,229,189,83,3,5,0,8,44,4,2,36,0,0,4,0,0,0,38,32,1,0,4,0,0,1,0,0,0,0,0,0,0,0,0,0,0,0,0,2,0,0,2,0,0,0,0,0,0,0,0,0,0,0,0,0,0,0,0,0,0,0,0,0,7572,7457,75,7338,11,12,0,21,115,102,27,0,0,0,1,37,20,4,13,0,0,0,0,0,0,12,11,0,0,0,0,0,0,0,0,0,1,0,0,0,0,0,0,0,0,0,1,1,0,0,0,0,0,0,0,0,0,0,0,0,0,0,0,0,0,0,0,0,0,0,0,-0.0027733755942947703,-0.018103795091859998,0.24,-0.02698282910874898,0.36363636363636365,0.3333333333333333,,1.7142857142857142,0.991304347826087,0.8529411764705882,2.074074074074074,,,,7.0,0.1891891891891892,-0.8,-0.5,1.7692307692307692,,,,,,,2.1666666666666665,1.9090909090909092,,,,,,,,,,-1.0,,,,,,,,,,1.0,-1.0,,,,,,,,,,,,,,,,,,,,,,,
"Near Southeast, Navy Yard",Cluster 27,11034,10152,7448,1882,36,578,11,197,882,812,106,52,195,10,371,21,17,2,19,1,0,8,6,3,1,59,10,8,0,14,3,0,12,4,4,0,0,1,3,0,0,0,0,0,0,0,11,0,0,4,0,4,0,0,2,0,0,1,0,0,0,0,0,0,0,0,0,0,0,0,0,2794,2709,1670,862,4,144,0,29,85,78,19,11,20,1,10,4,5,1,4,0,0,0,3,0,0,7,5,0,0,0,0,0,0,1,1,0,0,0,0,0,0,0,0,0,0,0,0,0,0,0,0,0,0,0,0,0,0,0,0,0,0,0,0,0,0,0,0,0,0,0,0,2.949176807444524,2.7475083056478407,3.4598802395209582,1.1832946635730859,8.0,3.013888888888889,,5.793103448275862,9.376470588235295,9.41025641025641,4.578947368421052,3.727272727272727,8.75,9.0,36.1,4.25,2.4,1.0,3.75,,,,1.0,,,7.428571428571429,1.0,,,,,,,3.0,3.0,,,,,,,,,,,,,,,,,,,,,,,,,,,,,,,,,,,,
"River Terrace, Benning, Greenway, Dupont Park",Cluster 32,13545,13017,338,12112,95,41,12,419,528,455,127,28,7,2,54,131,22,1,74,0,0,4,5,0,0,68,40,4,0,9,0,0,5,0,1,1,3,1,2,0,1,0,0,0,1,0,4,1,0,2,0,0,0,0,1,0,0,0,0,0,0,0,1,0,0,0,1,0,0,0,0,12436,12223,101,11994,26,14,4,84,213,170,33,3,8,1,7,69,14,5,26,0,0,1,3,0,0,40,26,2,0,1,0,0,0,0,0,5,4,0,2,0,0,0,0,0,0,0,3,1,0,0,2,0,0,0,0,0,0,0,0,0,0,0,0,0,0,0,0,0,0,0,0,0.08917658411064651,0.06495950257710872,2.3465346534653464,0.009838252459563115,2.6538461538461537,1.9285714285714286,2.0,3.988095238095238,1.4788732394366197,1.6764705882352942,2.8484848484848486,8.333333333333334,-0.125,1.0,6.714285714285714,0.8985507246376812,0.5714285714285714,-0.8,1.8461538461538463,,,3.0,0.6666666666666666,,,0.7,0.5384615384615384,1.0,,8.0,,,,,,-0.8,-0.25,,0.0,,,,,,,,0.3333333333333333,0.0,,,-1.0,,,,,,,,,,,,,,,,,,,,
"Downtown, Chinatown, Penn Quarters, Mount Vernon Square, North Capitol Street",Cluster 8,22117,20206,11472,5268,87,2638,17,724,1911,1745,180,100,359,5,889,72,24,7,76,9,0,10,2,11,1,130,32,10,1,26,3,0,30,9,6,0,2,1,4,0,4,1,0,0,0,1,32,3,0,21,1,6,0,0,1,0,0,0,0,0,0,0,4,2,1,0,0,0,1,0,0,17153,16685,8183,5596,47,2073,16,770,468,431,100,40,120,0,58,35,16,5,20,3,0,6,8,18,2,35,21,6,0,1,0,0,0,2,1,0,2,0,0,0,1,0,0,0,1,0,2,0,0,1,0,1,0,0,0,0,0,0,0,0,0,0,0,0,0,0,0,0,0,0,0,0.2893954410307235,0.21102786934372192,0.40193083221312476,-0.058613295210864905,0.851063829787234,0.2725518572117704,0.0625,-0.05974025974025974,3.0833333333333335,3.0487238979118327,0.8,1.5,1.9916666666666667,,14.327586206896552,1.0571428571428572,0.5,0.4,2.8,2.0,,0.6666666666666666,-0.75,-0.3888888888888889,-0.5,2.7142857142857144,0.5238095238095238,0.6666666666666666,,25.0,,,,3.5,5.0,,0.0,,,,3.0,,,,-1.0,,15.0,,,20.0,,5.0,,,,,,,,,,,,,,,,,,,
"West End, Foggy Bottom, GWU",Cluster 5,18796,17306,12368,1257,53,3071,20,537,1490,1407,158,51,378,9,711,15,19,5,41,4,0,8,6,2,0,78,14,10,0,21,0,0,14,7,2,1,3,0,1,1,1,3,0,0,0,0,5,3,0,2,0,0,0,0,0,0,0,0,0,0,0,0,0,0,0,0,0,0,0,0,0,16801,16242,13270,902,22,1858,3,187,559,492,105,30,198,7,28,4,89,3,2,2,1,2,4,17,0,41,32,5,0,0,0,0,0,1,1,0,1,0,0,0,1,0,0,0,0,0,0,0,0,0,0,0,0,0,0,0,0,0,0,0,0,0,26,26,0,0,0,0,0,0,0,0.11874293196833521,0.06550917374707549,-0.06797287113790505,0.39356984478935697,1.4090909090909092,0.6528525296017222,5.666666666666667,1.8716577540106951,1.665474060822898,1.8597560975609757,0.5047619047619047,0.7,0.9090909090909091,0.2857142857142857,24.392857142857142,2.75,-0.7865168539325843,0.6666666666666666,19.5,1.0,-1.0,3.0,0.5,-0.8823529411764706,,0.9024390243902439,-0.5625,1.0,,,,,,6.0,1.0,,2.0,,,,0.0,,,,,,,,,,,,,,,,,,,,,,-1.0,-1.0,,,,,,,
"Mayfair, Hillbrook, Mahaning Heights",Cluster 30,9068,8685,207,8172,15,50,4,237,383,316,107,6,5,0,40,52,25,3,69,1,1,4,3,0,0,53,28,2,0,6,2,0,1,0,2,8,0,0,1,3,0,0,0,0,0,0,12,1,0,9,0,0,0,1,0,0,1,0,0,0,0,0,2,0,1,0,0,1,0,0,0,6915,6794,62,6613,25,10,0,84,121,101,38,2,1,1,7,30,10,4,7,0,0,1,0,0,0,19,13,1,0,1,0,0,0,0,0,0,0,0,1,0,3,0,0,0,0,0,1,1,0,0,0,0,0,0,0,0,0,0,0,0,0,0,0,0,0,0,0,0,0,0,0,0.311352133044107,0.2783338239623197,2.338709677419355,0.23574776954483592,-0.4,4.0,,1.8214285714285714,2.165289256198347,2.128712871287129,1.8157894736842106,2.0,4.0,-1.0,4.714285714285714,0.7333333333333333,1.5,-0.25,8.857142857142858,,,3.0,,,,1.7894736842105263,1.1538461538461537,1.0,,5.0,,,,,,,,,0.0,,-1.0,,,,,,11.0,0.0,,,,,,,,,,,,,,,,,,,,,,,
"Deanwood, Burrville, Grant Park, Lincoln Heights, Fairmont Heights",Cluster 31,14484,13941,340,12998,80,59,5,459,543,478,131,10,6,6,77,126,30,2,77,2,0,4,0,6,1,61,34,12,0,2,1,0,2,4,0,0,0,0,2,1,3,0,0,0,0,0,1,0,0,0,0,0,0,0,1,0,0,0,0,0,0,0,3,0,3,0,0,0,0,0,0,12801,12613,152,12236,34,24,1,166,188,147,33,0,2,0,8,57,19,8,17,1,0,2,0,0,0,35,26,0,0,1,0,0,0,0,0,0,1,4,2,1,0,0,0,0,0,0,6,5,0,0,0,1,0,0,0,0,0,0,0,0,0,0,0,0,0,0,0,0,0,0,0,0.13147410358565736,0.10528819471973361,1.236842105263158,0.06227525335076822,1.3529411764705883,1.4583333333333333,4.0,1.7650602409638554,1.8882978723404256,2.251700680272109,2.9696969696969697,,2.0,,8.625,1.2105263157894737,0.5789473684210527,-0.75,3.5294117647058822,1.0,,1.0,,,,0.7428571428571429,0.3076923076923077,,,1.0,,,,,,,-1.0,-1.0,0.0,0.0,,,,,,,-0.8333333333333334,-1.0,,,,-1.0,,,,,,,,,,,,,,,,,,,
"Shaw, Logan Circle",Cluster 7,21090,19281,11096,5026,117,1600,12,1430,1809,1666,149,75,324,7,931,43,23,5,64,1,1,25,3,15,0,121,34,15,1,13,5,0,28,3,13,0,1,1,5,0,1,1,0,0,0,0,21,6,0,7,0,2,0,0,2,0,4,0,0,0,0,0,1,1,0,0,0,0,0,0,0,18714,18102,9520,5957,93,1161,28,1343,612,545,118,39,172,4,97,39,24,1,18,4,0,6,9,12,2,61,26,12,1,0,1,0,2,2,6,0,9,0,2,0,0,0,0,0,0,0,5,1,0,3,0,1,0,0,0,0,0,0,0,0,0,0,1,1,0,0,0,0,0,0,0,0.12696377043924334,0.06513092475969506,0.16554621848739495,-0.1562867215041128,0.25806451612903225,0.3781223083548665,-0.5714285714285714,0.06478034251675353,1.9558823529411764,2.056880733944954,0.2627118644067797,0.9230769230769231,0.8837209302325582,0.75,8.597938144329897,0.10256410256410256,-0.041666666666666664,4.0,2.5555555555555554,-0.75,,3.1666666666666665,-0.6666666666666666,0.25,-1.0,0.9836065573770492,0.3076923076923077,0.25,0.0,,4.0,,13.0,0.5,1.1666666666666667,,-0.8888888888888888,,1.5,,,,,,,,3.2,5.0,,1.3333333333333333,,1.0,,,,,,,,,,,0.0,0.0,,,,,,,
"Eastland Gardens, Kenilworth",Cluster 29,1900,1825,52,1731,5,1,0,36,75,64,29,1,4,0,2,16,0,1,7,0,0,3,1,0,0,11,5,0,0,2,0,0,0,0,1,0,2,0,1,0,0,0,0,0,0,0,0,0,0,0,0,0,0,0,0,0,0,0,0,0,0,0,0,0,0,0,0,0,0,0,0,2294,2275,26,2216,3,4,3,23,19,17,7,1,0,0,0,5,2,0,2,0,0,0,0,0,0,2,1,0,0,1,0,0,0,0,0,0,0,0,0,0,0,0,0,0,0,0,0,0,0,0,0,0,0,0,0,0,0,0,0,0,0,0,0,0,0,0,0,0,0,0,0,-0.17175239755884916,-0.1978021978021978,1.0,-0.21886281588447654,0.6666666666666666,-0.75,-1.0,0.5652173913043478,2.9473684210526314,2.764705882352941,3.142857142857143,0.0,,,,2.2,-1.0,,2.5,,,,,,,4.5,4.0,,,1.0,,,,,,,,,,,,,,,,,,,,,,,,,,,,,,,,,,,,,,,,,
"Ivy City, Arboretum, Trinidad, Carver Langston",Cluster 23,18149,17012,3998,11392,99,521,24,978,1137,993,227,51,143,2,299,83,35,1,120,1,0,15,9,5,2,118,49,8,1,18,3,0,15,8,4,1,0,1,2,0,1,6,0,0,0,1,25,6,0,16,0,0,0,0,0,2,0,1,0,0,0,0,1,1,0,0,0,0,0,0,0,15047,14708,1203,13081,61,109,10,244,339,298,82,23,24,0,8,71,30,10,33,2,1,5,3,6,0,36,22,5,0,0,1,0,1,0,1,0,1,0,4,1,0,0,0,0,0,0,5,2,0,1,0,0,0,0,0,0,0,0,2,0,0,0,0,0,0,0,0,0,0,0,0,0.20615405064132386,0.15664944248028284,2.3233582709891936,-0.12911856891674947,0.6229508196721312,3.779816513761468,1.4,3.0081967213114753,2.353982300884956,2.3322147651006713,1.7682926829268293,1.2173913043478262,4.958333333333333,,36.375,0.16901408450704225,0.16666666666666666,-0.9,2.6363636363636362,-0.5,-1.0,2.0,2.0,-0.16666666666666666,,2.2777777777777777,1.2272727272727273,0.6,,,2.0,,14.0,,3.0,,-1.0,,-0.5,-1.0,,,,,,,4.0,2.0,,15.0,,,,,,,,,-1.0,,,,,,,,,,,,
"Georgetown, Burleith/Hillandale",Cluster 4,15970,14445,11760,721,32,1490,12,430,1525,1439,144,64,362,4,792,9,19,4,18,1,0,11,3,7,1,75,9,9,1,20,1,0,17,4,7,3,1,0,1,0,2,0,0,0,0,0,10,2,0,7,0,0,0,0,0,0,0,1,0,0,0,0,0,0,0,0,0,0,0,1,1,16625,16171,14190,575,23,1212,11,160,454,421,70,31,233,4,40,4,11,0,6,4,0,0,8,9,1,32,14,7,1,1,0,0,1,3,4,0,1,0,0,0,0,0,0,0,0,0,1,0,0,0,0,0,0,0,0,1,0,0,0,0,0,0,0,0,0,0,0,0,0,0,0,-0.0393984962406015,-0.10673427741017871,-0.17124735729386892,0.2539130434782609,0.391304347826087,0.22937293729372937,0.09090909090909091,1.6875,2.359030837004405,2.4180522565320666,1.0571428571428572,1.064516129032258,0.5536480686695279,0.0,18.8,1.25,0.7272727272727273,,2.0,-0.75,,,-0.625,-0.2222222222222222,0.0,1.34375,-0.35714285714285715,0.2857142857142857,0.0,19.0,,,16.0,0.3333333333333333,0.75,,0.0,,,,,,,,,,9.0,,,,,,,,,-1.0,,,,,,,,,,,,,,,
"Dupont Circle, Connecticut Avenue/K Street",Cluster 6,21407,19443,15178,1482,54,2109,13,607,1964,1842,163,96,388,6,1062,22,27,2,38,2,1,12,9,14,0,97,20,8,0,20,3,0,31,3,8,0,0,0,2,0,1,0,0,0,0,1,25,12,0,12,1,0,0,0,0,0,0,0,0,0,0,0,0,0,0,0,0,0,0,0,0,19796,19177,15421,1517,59,1761,12,407,619,576,86,61,287,6,48,21,17,4,12,4,0,0,7,22,1,41,19,6,0,2,2,0,3,5,1,0,2,0,0,0,1,0,0,0,0,0,2,2,0,0,0,0,0,0,0,0,0,0,0,0,0,0,0,0,0,0,0,0,0,0,0,0.08138007678318852,0.013870782708452834,-0.015757732961545944,-0.023071852340145024,-0.0847457627118644,0.19761499148211242,0.08333333333333333,0.4914004914004914,2.172859450726979,2.1979166666666665,0.8953488372093024,0.5737704918032787,0.3519163763066202,0.0,21.125,0.047619047619047616,0.5882352941176471,-0.5,2.1666666666666665,-0.5,,,0.2857142857142857,-0.36363636363636365,-1.0,1.3658536585365855,0.05263157894736842,0.3333333333333333,,9.0,0.5,,9.333333333333334,-0.4,7.0,,-1.0,,,,0.0,,,,,,11.5,5.0,,,,,,,,,,,,,,,,,,,,,,,
"Howard University, Le Droit Park, Cardozo/Shaw",Cluster 3,16233,14733,8729,3944,50,1411,32,567,1500,1408,242,49,256,6,663,22,96,1,54,0,0,6,2,6,5,85,26,6,2,21,0,0,16,0,6,0,2,0,4,0,1,0,0,0,0,1,7,0,0,2,0,0,0,0,0,0,4,0,1,0,0,0,0,0,0,0,0,0,0,0,0,11647,11245,4248,6056,57,450,3,431,402,360,109,20,69,4,33,60,26,7,21,1,0,3,2,5,0,37,23,3,1,0,2,0,0,1,2,0,3,1,0,0,0,0,0,1,0,0,4,0,0,2,2,0,0,0,0,0,0,0,0,0,0,0,1,1,0,0,0,0,0,0,0,0.3937494633811282,0.3101823032458871,1.05484934086629,-0.3487450462351387,-0.12280701754385964,2.1355555555555554,9.666666666666666,0.31554524361948955,2.7313432835820897,2.911111111111111,1.2201834862385321,1.45,2.710144927536232,0.5,19.09090909090909,-0.6333333333333333,2.6923076923076925,-0.8571428571428571,1.5714285714285714,-1.0,,1.0,0.0,0.2,,1.2972972972972974,0.13043478260869565,1.0,1.0,,-1.0,,,-1.0,2.0,,-0.3333333333333333,-1.0,,,,,,-1.0,,,0.75,,,0.0,-1.0,,,,,,,,,,,,-1.0,-1.0,,,,,,,
"Southwest Employment Area, Southwest/Waterfront, Fort McNair, Buzzard Point",Cluster 9,16354,14937,7526,5993,68,950,5,395,1417,1272,188,69,227,9,536,81,48,7,85,1,0,4,3,11,3,123,38,14,1,26,1,0,26,2,7,0,1,0,6,1,0,0,0,0,0,0,19,3,0,13,2,1,0,0,0,0,0,0,0,0,0,0,2,0,2,0,0,0,0,1,1,11592,11187,4011,6378,76,527,6,189,405,344,91,27,63,2,31,71,30,3,17,2,0,3,0,4,0,60,34,6,1,4,1,0,1,3,0,0,0,0,2,8,0,0,0,0,0,0,1,1,0,0,0,0,0,0,0,0,0,0,0,0,0,0,0,0,0,0,0,0,0,0,0,0.4108005521048999,0.33521051220166265,0.8763400648217402,-0.06036375039197241,-0.10526315789473684,0.8026565464895635,-0.16666666666666666,1.08994708994709,2.4987654320987653,2.697674418604651,1.065934065934066,1.5555555555555556,2.6031746031746033,3.5,16.29032258064516,0.14084507042253522,0.6,1.3333333333333333,4.0,-0.5,,0.3333333333333333,,1.75,,1.05,0.11764705882352941,1.3333333333333333,0.0,5.5,0.0,,25.0,-0.3333333333333333,,,,,2.0,-0.875,,,,,,,18.0,2.0,,,,,,,,,,,,,,,,,,,,,,,
"Capitol View, Marshall Heights, Benning Heights",Cluster 33,18018,17340,455,16191,57,43,5,589,678,580,201,24,17,1,83,116,28,4,83,1,0,4,6,8,4,81,37,9,1,9,0,0,4,2,8,0,3,1,4,0,1,1,1,0,0,0,17,10,0,6,0,1,0,0,0,0,0,0,0,0,0,0,0,0,0,0,0,0,0,0,0,17338,17020,210,16480,43,25,3,259,318,251,77,3,3,0,16,101,8,5,32,1,0,4,0,0,1,63,42,9,3,2,0,0,2,0,0,0,1,0,3,1,0,0,0,0,0,0,4,3,0,1,0,0,0,0,0,0,0,0,0,0,0,0,0,0,0,0,0,0,0,0,0,0.039220209943476754,0.01880141010575793,1.1666666666666667,-0.01753640776699029,0.32558139534883723,0.72,0.6666666666666666,1.274131274131274,1.1320754716981132,1.3107569721115537,1.6103896103896105,7.0,4.666666666666667,,4.1875,0.1485148514851485,2.5,-0.2,1.59375,0.0,,0.0,,,3.0,0.2857142857142857,-0.11904761904761904,0.0,-0.6666666666666666,3.5,,,1.0,,,,2.0,,0.3333333333333333,-1.0,,,,,,,3.25,2.3333333333333335,,5.0,,,,,,,,,,,,,,,,,,,,,
"Spring Valley, Palisades, Wesley Heights, Foxhall Crescent, Foxhall Village, Georgetown Reservoir",Cluster 13,16545,14974,11899,1020,29,1581,11,434,1571,1501,117,40,402,10,850,13,28,1,26,0,0,7,3,4,0,61,10,3,0,15,1,0,11,13,4,0,3,0,1,0,0,0,0,0,0,0,7,1,0,5,1,0,0,0,0,0,0,0,0,0,0,0,0,0,0,0,0,0,0,2,2,15374,14890,13199,566,26,918,7,174,484,441,77,19,248,4,38,3,12,0,7,3,0,0,9,20,1,40,16,9,0,2,8,0,0,3,1,0,1,0,0,0,0,0,0,0,0,0,2,1,0,0,0,0,0,1,0,0,0,0,0,0,0,0,1,1,0,0,0,0,0,0,0,0.07616755561337323,0.005641370047011417,-0.09849231002348663,0.8021201413427562,0.11538461538461539,0.7222222222222222,0.5714285714285714,1.4942528735632183,2.2458677685950414,2.4036281179138324,0.5194805194805194,1.105263157894737,0.6209677419354839,1.5,21.36842105263158,3.3333333333333335,1.3333333333333333,,2.7142857142857144,-1.0,,,-0.6666666666666666,-0.8,-1.0,0.525,-0.375,-0.6666666666666666,,6.5,-0.875,,,3.3333333333333335,3.0,,2.0,,,,,,,,,,2.5,0.0,,,,,,-1.0,,,,,,,,,-1.0,-1.0,,,,,,,
"North Michigan Park, Michigan Park, University Heights",Cluster 20,12254,11355,2982,6943,61,371,23,975,899,793,163,23,90,4,276,35,47,1,128,0,2,11,3,10,0,101,54,2,0,19,1,0,10,0,0,0,1,0,7,7,0,0,0,0,0,0,4,1,0,1,1,1,0,0,0,0,0,0,0,0,0,0,1,1,0,0,0,0,0,0,0,11302,11003,2938,7648,26,195,1,195,299,242,72,13,44,3,9,36,32,5,17,2,1,1,1,6,0,50,42,5,1,1,0,0,0,0,0,1,0,0,0,0,0,0,0,0,0,0,5,1,3,1,0,0,0,0,0,0,0,0,0,0,0,0,2,2,0,0,0,0,0,0,0,0.08423287913643603,0.031991275106789056,0.014976174268209666,-0.09218096234309624,1.3461538461538463,0.9025641025641026,22.0,4.0,2.0066889632107023,2.2768595041322315,1.2638888888888888,0.7692307692307693,1.0454545454545454,0.3333333333333333,29.666666666666668,-0.027777777777777776,0.46875,-0.8,6.529411764705882,-1.0,1.0,10.0,2.0,0.6666666666666666,,1.02,0.2857142857142857,-0.6,-1.0,18.0,,,,,,-1.0,,,,,,,,,,,-0.2,0.0,-1.0,0.0,,,,,,,,,,,,,-0.5,-0.5,,,,,,,
"North Cleveland Park, Forest Hills, Van Ness",Cluster 12,12515,11293,8303,1491,33,1139,5,322,1222,1122,153,43,206,4,602,8,35,0,57,2,0,0,5,7,0,91,22,8,0,23,4,0,17,1,6,0,2,3,2,0,2,0,0,0,0,1,7,2,0,5,0,0,0,0,0,0,0,0,0,0,0,0,2,0,2,0,0,0,0,0,0,10551,10244,8251,833,21,967,1,171,307,278,74,26,123,2,18,9,9,0,5,1,0,0,2,9,0,25,11,4,0,1,3,0,0,1,5,0,0,0,0,0,0,0,0,0,0,0,4,2,0,0,0,1,0,0,1,0,0,0,0,0,0,0,0,0,0,0,0,0,0,0,0,0.18614349350772438,0.10240140570089809,0.00630226639195249,0.7899159663865546,0.5714285714285714,0.1778697001034126,4.0,0.8830409356725146,2.980456026058632,3.035971223021583,1.0675675675675675,0.6538461538461539,0.6747967479674797,1.0,32.44444444444444,-0.1111111111111111,2.888888888888889,,10.4,1.0,,,1.5,-0.2222222222222222,,2.64,1.0,1.0,,22.0,0.3333333333333333,,,0.0,0.2,,,,,,,,,,,,0.75,0.0,,,,-1.0,,,-1.0,,,,,,,,,,,,,,,,
"Brightwood Park, Crestwood, Petworth",Cluster 18,40405,35951,11550,16582,373,1209,12,6225,4454,4053,456,178,494,7,2070,133,93,8,450,3,0,116,10,15,20,354,122,29,1,71,4,0,82,5,12,0,6,1,15,0,0,2,0,0,0,4,45,11,0,25,0,4,0,0,2,0,2,0,1,0,0,0,2,1,1,0,0,0,0,0,0,36997,35372,7193,22093,181,576,34,5295,1625,1464,268,35,114,10,334,128,78,42,159,3,0,22,2,11,258,147,90,14,2,17,2,0,8,1,2,0,4,0,3,1,1,1,0,1,0,0,14,8,0,6,0,0,0,0,0,0,0,0,0,0,0,0,0,0,0,0,0,0,0,0,0,0.0921155769386707,0.016368879339590636,0.605727790907827,-0.24944552573213236,1.0607734806629834,1.0989583333333333,-0.6470588235294118,0.17563739376770537,1.740923076923077,1.7684426229508197,0.7014925373134329,4.085714285714285,3.3333333333333335,-0.3,5.197604790419161,0.0390625,0.19230769230769232,-0.8095238095238095,1.830188679245283,0.0,,4.2727272727272725,4.0,0.36363636363636365,-0.9224806201550387,1.4081632653061225,0.35555555555555557,1.0714285714285714,-0.5,3.176470588235294,1.0,,9.25,4.0,5.0,,0.5,,4.0,-1.0,-1.0,1.0,,-1.0,,,2.2142857142857144,0.375,,3.1666666666666665,,,,,,,,,,,,,,,,,,,,,
"Friendship Heights, American University Park, Tenleytown",Cluster 11,12752,11186,9510,604,15,820,8,229,1566,1428,140,60,383,10,768,4,22,2,27,2,0,1,2,7,0,120,13,16,0,32,3,0,32,1,13,0,0,3,1,2,4,0,0,0,0,0,15,0,0,14,0,0,1,0,0,0,0,0,0,0,0,0,3,2,0,0,0,0,1,0,0,11906,11477,10077,534,34,683,7,142,429,390,63,26,236,3,23,11,8,3,3,0,0,2,4,7,1,38,18,7,0,5,1,0,1,1,1,1,0,0,0,0,2,1,0,0,0,0,1,1,0,0,0,0,0,0,0,0,0,0,0,0,0,0,0,0,0,0,0,0,0,0,0,0.0710566101125483,-0.025355057941970897,-0.05626674605537362,0.13108614232209737,-0.5588235294117647,0.2005856515373353,0.14285714285714285,0.6126760563380281,2.6503496503496504,2.6615384615384614,1.2222222222222223,1.3076923076923077,0.6228813559322034,2.3333333333333335,32.391304347826086,-0.6363636363636364,1.75,-0.3333333333333333,8.0,,,-0.5,-0.5,0.0,-1.0,2.1578947368421053,-0.2777777777777778,1.2857142857142858,,5.4,2.0,,31.0,0.0,12.0,-1.0,,,,,1.0,-1.0,,,,,14.0,-1.0,,,,,,,,,,,,,,,,,,,,,,,
"Lamont Riggs, Queens Chapel, Fort Totten, Pleasant Hill",Cluster 19,15929,14565,1849,9798,147,373,10,2388,1364,1263,172,28,85,1,614,80,39,0,193,3,1,34,2,8,3,93,29,4,1,12,0,0,31,1,6,0,3,0,3,1,1,0,0,0,0,1,8,2,0,6,0,0,0,0,0,0,0,0,0,0,0,0,0,0,0,0,0,0,0,0,0,12790,12457,1191,10052,72,95,16,1031,333,272,54,11,14,0,71,40,19,12,46,2,0,0,0,1,2,55,40,4,0,1,0,0,0,1,2,0,1,0,0,2,3,1,0,0,0,0,3,3,0,0,0,0,0,0,0,0,0,0,0,0,0,0,3,3,0,0,0,0,0,0,0,0.245426114151681,0.16922212410692783,0.5524769101595298,-0.025268603263032232,1.0416666666666667,2.9263157894736844,-0.375,1.3161978661493696,3.096096096096096,3.6433823529411766,2.185185185185185,1.5454545454545454,5.071428571428571,,7.647887323943662,1.0,1.0526315789473684,-1.0,3.1956521739130435,0.5,,,,7.0,0.5,0.6909090909090909,-0.275,0.0,,11.0,,,,0.0,2.0,,2.0,,,-0.5,-0.6666666666666666,-1.0,,,,,1.6666666666666667,-0.3333333333333333,,,,,,,,,,,,,,,-1.0,-1.0,,,,,,,
"Takoma, Brightwood, Manor Park",Cluster 17,24032,21852,4244,12706,178,489,15,4220,2180,1964,299,56,156,13,941,85,46,10,252,5,4,65,7,12,13,194,65,12,0,39,4,0,47,6,5,0,0,7,6,0,3,0,0,0,0,0,21,2,1,14,0,3,0,0,1,0,0,0,0,0,0,0,1,1,0,0,0,0,0,0,0,20361,19596,2935,13967,100,334,14,2246,765,654,179,36,43,1,146,109,35,16,60,0,0,11,1,9,8,103,69,10,0,5,0,0,12,2,0,0,3,0,0,0,1,0,1,0,0,0,8,6,0,2,0,0,0,0,0,0,0,0,0,0,0,0,0,0,0,0,0,0,0,0,0,0.18029566327783508,0.11512553582363748,0.44599659284497445,-0.09028424142621895,0.78,0.46407185628742514,0.07142857142857142,0.8788958147818343,1.8496732026143792,2.003058103975535,0.6703910614525139,0.5555555555555556,2.627906976744186,12.0,5.445205479452055,-0.22018348623853212,0.3142857142857143,-0.375,3.2,,,4.909090909090909,6.0,0.3333333333333333,0.625,0.883495145631068,-0.057971014492753624,0.2,,6.8,,,2.9166666666666665,2.0,,,-1.0,,,,2.0,,-1.0,,,,1.625,-0.6666666666666666,,6.0,,,,,,,,,,,,,,,,,,,,,
"Colonial Village, Shepherd Park, North Portal Estates",Cluster 16,4471,4020,1331,2487,14,72,0,116,451,404,101,7,61,0,134,21,24,0,40,1,0,5,0,8,2,37,11,5,1,11,0,0,6,1,0,0,0,2,0,0,0,0,0,0,0,0,10,6,0,4,0,0,0,0,0,0,0,0,0,0,0,0,0,0,0,0,0,0,0,0,0,3916,3758,974,2653,8,54,1,68,158,130,55,9,19,0,11,17,14,0,0,0,0,1,0,4,0,22,18,2,0,2,0,0,0,0,0,0,0,0,0,0,0,0,0,0,0,0,6,6,0,0,0,0,0,0,0,0,0,0,0,0,0,0,0,0,0,0,0,0,0,0,0,0.14172625127681307,0.06971793507184673,0.3665297741273101,-0.06257067470787787,0.75,0.3333333333333333,-1.0,0.7058823529411765,1.8544303797468353,2.1076923076923078,0.8363636363636363,-0.2222222222222222,2.210526315789474,,11.181818181818182,0.23529411764705882,0.7142857142857143,,,,,4.0,,1.0,,0.6818181818181818,-0.3888888888888889,1.5,,4.5,,,,,,,,,,,,,,,,,0.6666666666666666,0.0,,,,,,,,,,,,,,,,,,,,,,,
"Hawthorne, Barnaby Woods, Chevy Chase",Cluster 10,15342,13789,11276,1385,36,841,0,251,1553,1464,186,43,336,0,817,17,25,5,23,3,0,6,1,0,2,76,14,14,0,10,4,0,12,2,16,0,0,0,1,0,1,1,0,0,0,1,13,0,1,11,0,0,0,0,0,0,1,0,0,0,0,0,0,0,0,0,0,0,0,0,0,14342,13936,11784,1294,19,641,6,192,406,367,92,22,168,3,27,9,18,3,3,1,0,9,2,9,1,34,17,4,0,2,1,0,2,5,1,0,1,0,0,0,1,0,0,0,0,0,5,5,0,0,0,0,0,0,0,0,0,0,0,0,0,0,0,0,0,0,0,0,0,0,0,0.06972528238739367,-0.010548220436280138,-0.04310930074677529,0.07032457496136012,0.8947368421052632,0.31201248049922,-1.0,0.3072916666666667,2.8251231527093594,2.989100817438692,1.0217391304347827,0.9545454545454546,1.0,-1.0,29.25925925925926,0.8888888888888888,0.3888888888888889,0.6666666666666666,6.666666666666667,2.0,,-0.3333333333333333,-0.5,-1.0,1.0,1.2352941176470589,-0.17647058823529413,2.5,,4.0,3.0,,5.0,-0.6,15.0,,-1.0,,,,0.0,,,,,,1.6,-1.0,,,,,,,,,,,,,,,,,,,,,,,
Historic Anacostia,Cluster 28,5372,5106,224,4764,16,33,1,68,266,238,80,3,22,2,24,37,16,2,43,0,0,0,3,4,2,21,12,1,1,6,0,0,0,0,0,0,0,0,0,0,0,0,0,0,1,0,6,3,0,2,1,0,0,0,0,0,0,0,0,0,0,0,1,1,0,0,0,0,0,0,0,4990,4908,66,4801,13,10,0,18,82,77,28,0,1,0,1,26,8,4,8,0,0,1,0,0,0,5,4,0,0,0,0,0,0,0,0,0,1,0,0,0,0,0,0,0,0,0,0,0,0,0,0,0,0,0,0,0,0,0,0,0,0,0,0,0,0,0,0,0,0,0,0,0.07655310621242485,0.040342298288508556,2.393939393939394,-0.007706727765048948,0.23076923076923078,2.3,,2.7777777777777777,2.2439024390243905,2.090909090909091,1.8571428571428572,,21.0,,23.0,0.4230769230769231,1.0,-0.5,4.375,,,-1.0,,,,3.2,2.0,,,,,,,,,,-1.0,,,,,,,,,,,,,,,,,,,,,,,,,,,,,,,,,,
"Fairfax Village, Naylor Gardens, Hillcrest, Summit Park",Cluster 35,6206,5916,392,5402,16,25,1,80,290,253,96,15,11,1,27,38,10,0,46,0,0,4,2,1,2,36,17,7,0,3,0,0,6,2,0,0,0,0,1,0,0,0,0,0,0,0,1,0,0,0,0,0,0,0,0,0,0,0,0,0,1,0,0,0,0,0,0,0,0,0,0,5961,5861,338,5429,29,23,2,40,100,86,30,5,1,0,4,30,5,3,8,0,0,0,0,0,0,14,12,1,0,0,0,0,0,0,1,0,0,0,0,0,0,0,0,0,0,0,0,0,0,0,0,0,0,0,0,0,0,0,0,0,0,0,0,0,0,0,0,0,0,0,0,0.041100486495554436,0.009384064152874936,0.15976331360946747,-0.004973291582243507,-0.4482758620689655,0.08695652173913043,-0.5,1.0,1.9,1.941860465116279,2.2,2.0,10.0,,5.75,0.26666666666666666,1.0,-1.0,4.75,,,,,,,1.5714285714285714,0.4166666666666667,6.0,,,,,,,-1.0,,,,,,,,,,,,,,,,,,,,,,,,,,,,,,,,,,,,
"Sheridan, Barry Farm, Buena Vista",Cluster 37,8167,7878,158,7518,30,30,6,136,289,256,72,4,5,0,26,55,12,1,73,0,0,2,2,4,0,23,15,1,2,2,0,1,0,1,1,0,0,0,0,0,0,0,0,0,0,0,10,1,0,3,1,1,0,0,2,0,2,0,0,0,0,0,0,0,0,0,0,0,0,0,0,7957,7865,67,7726,18,18,0,36,92,81,29,0,0,0,1,26,6,3,16,0,0,0,0,0,0,8,8,0,0,0,0,0,0,0,0,0,0,0,0,0,0,0,0,0,0,0,1,1,0,0,0,0,0,0,0,0,0,0,0,0,0,0,2,2,0,0,0,0,0,0,0,0.026391856227221313,0.001652892561983471,1.3582089552238805,-0.026922081283976183,0.6666666666666666,0.6666666666666666,,2.7777777777777777,2.141304347826087,2.1604938271604937,1.4827586206896552,,,,25.0,1.1153846153846154,1.0,-0.6666666666666666,3.5625,,,,,,,1.875,0.875,,,,,,,,,,,,,,,,,,,,9.0,0.0,,,,,,,,,,,,,,,-1.0,-1.0,,,,,,,
"Twining, Fairlawn, Randle Highlands, Penn Branch, Fort Davis Park, Fort Dupont",Cluster 34,16914,16153,749,15000,76,100,7,221,761,630,212,13,35,4,79,98,39,2,129,1,1,9,3,5,0,119,79,6,0,24,0,0,0,1,2,0,1,0,1,2,2,1,0,0,0,0,10,2,0,6,0,2,0,0,0,0,0,0,0,0,0,0,2,1,0,0,1,0,0,0,0,16320,16041,395,15479,62,47,0,58,279,229,77,4,3,2,12,63,29,2,31,1,1,1,1,2,0,39,33,0,0,1,0,0,2,0,0,0,2,0,0,0,1,0,0,0,0,0,11,8,1,0,0,0,0,0,0,0,0,1,0,0,1,0,0,0,0,0,0,0,0,0,0,0.036397058823529414,0.00698210834735989,0.8962025316455696,-0.030945151495574648,0.22580645161290322,1.127659574468085,,2.810344827586207,1.7275985663082438,1.7510917030567685,1.7532467532467533,2.25,10.666666666666666,1.0,5.583333333333333,0.5555555555555556,0.3448275862068966,0.0,3.161290322580645,0.0,0.0,8.0,2.0,1.5,,2.051282051282051,1.393939393939394,,,23.0,,,-1.0,,,,-0.5,,,,1.0,,,,,,-0.09090909090909091,-0.75,-1.0,,,,,,,,,-1.0,,,-1.0,,,,,,,,,,
"Union Station, Stanton Park, Kingman Park",Cluster 25,35945,32923,20371,9921,97,1778,14,742,3022,2759,430,175,649,16,1144,101,69,1,119,0,0,20,17,16,2,219,59,32,2,37,6,0,42,11,18,0,2,2,4,1,2,0,0,0,0,1,40,9,0,22,3,6,0,0,0,0,0,0,0,0,0,0,4,2,2,0,0,0,0,0,0,24671,24017,11262,11729,95,558,13,360,654,577,161,55,167,7,33,81,37,7,19,0,0,0,3,6,1,72,46,8,4,2,1,0,1,2,4,0,1,0,0,0,3,0,0,0,0,0,5,4,0,0,0,0,0,0,0,0,0,1,0,0,0,0,0,0,0,0,0,0,0,0,0,0.4569737748773864,0.3708206686930091,0.80882614100515,-0.15414783869042545,0.021052631578947368,2.186379928315412,0.07692307692307693,1.0611111111111111,3.620795107033639,3.781629116117851,1.670807453416149,2.1818181818181817,2.8862275449101795,1.2857142857142858,33.666666666666664,0.24691358024691357,0.8648648648648649,-0.8571428571428571,5.2631578947368425,,,,4.666666666666667,1.6666666666666667,1.0,2.0416666666666665,0.2826086956521739,3.0,-0.5,17.5,5.0,,41.0,4.5,3.5,,1.0,,,,-0.3333333333333333,,,,,,7.0,1.25,,,,,,,,,,-1.0,,,,,,,,,,,,,
"Kalorama Heights, Adams Morgan, Lanier Heights",Cluster 1,20271,18158,13926,1814,79,1386,10,943,2113,1971,194,102,376,15,1089,19,42,1,77,5,0,23,5,19,4,124,23,15,2,17,3,0,29,5,20,0,2,1,6,0,1,0,0,0,0,0,18,3,0,10,0,4,0,0,1,0,0,0,0,0,0,0,0,0,0,0,0,0,0,0,0,18220,17600,13807,1864,61,1005,17,846,620,550,109,44,202,7,75,27,21,1,34,5,0,3,6,12,4,68,47,4,0,2,8,0,3,1,0,0,2,0,0,0,0,0,0,0,0,1,1,0,0,1,0,0,0,0,0,0,0,0,0,0,0,0,1,0,1,0,0,0,0,0,0,0.11256860592755213,0.03170454545454546,0.0086188165423336,-0.02682403433476395,0.29508196721311475,0.37910447761194027,-0.4117647058823529,0.11465721040189125,2.4080645161290324,2.5836363636363635,0.7798165137614679,1.3181818181818181,0.8613861386138614,1.1428571428571428,13.52,-0.2962962962962963,1.0,0.0,1.2647058823529411,0.0,,6.666666666666667,-0.16666666666666666,0.5833333333333334,0.0,0.8235294117647058,-0.5106382978723404,2.75,,7.5,-0.625,,8.666666666666666,4.0,,,0.0,,,,,,,,,-1.0,17.0,,,9.0,,,,,,,,,,,,,-1.0,,-1.0,,,,,,
"Edgewood, Bloomingdale, Truxton Circle, Eckington",Cluster 21,27110,24875,10228,11880,115,1141,26,1485,2235,2008,383,93,379,6,730,85,79,3,174,2,0,55,8,6,5,199,57,13,0,36,1,0,39,17,20,0,4,1,7,1,1,2,0,0,0,0,26,1,0,16,0,4,0,0,2,0,0,2,1,0,0,0,2,2,0,0,0,0,0,0,0,21890,21236,5425,14628,73,457,11,642,654,571,170,32,77,4,50,97,58,13,45,0,0,9,8,8,0,71,46,8,4,1,0,0,1,1,2,0,3,0,2,1,1,0,0,0,0,1,12,7,0,3,0,0,0,1,0,0,0,0,0,1,0,0,0,0,0,0,0,0,0,0,0,0.2384650525354043,0.17135995479374647,0.8853456221198157,-0.1878589007383101,0.5753424657534246,1.4967177242888403,1.3636363636363635,1.3130841121495327,2.4174311926605503,2.5166374781085814,1.2529411764705882,1.90625,3.9220779220779223,0.5,13.6,-0.12371134020618557,0.3620689655172414,-0.7692307692307693,2.8666666666666667,,,5.111111111111111,0.0,-0.25,,1.8028169014084507,0.2391304347826087,0.625,-1.0,35.0,,,38.0,16.0,9.0,,0.3333333333333333,,2.5,0.0,0.0,,,,,-1.0,1.1666666666666667,-0.8571428571428571,,4.333333333333333,,,,-1.0,,,,,,-1.0,,,,,,,,,,,
"Columbia Heights, Mt. Pleasant, Pleasant Plains, Park View",Cluster 2,50965,45199,21207,13151,569,2702,47,7523,5766,5296,538,184,696,21,2925,91,58,1,506,4,8,210,14,35,5,399,105,33,1,76,21,0,95,11,23,0,3,3,9,2,7,6,0,0,1,3,63,7,1,42,1,6,0,0,4,0,0,2,0,0,0,0,8,1,3,0,1,2,1,0,0,46275,44256,18568,16983,274,1695,27,6709,2019,1826,294,105,299,12,616,113,42,23,168,9,2,46,13,61,23,172,88,12,2,12,3,2,14,10,9,5,1,2,5,0,1,4,0,0,0,2,18,8,0,8,0,1,0,1,0,0,0,0,0,0,0,0,2,0,2,0,0,0,0,1,1,0.10135062128579146,0.021307845263919017,0.14212623869021973,-0.22563740210799035,1.0766423357664234,0.5941002949852507,0.7407407407407407,0.12132955731107467,1.8558692421991085,1.900328587075575,0.8299319727891157,0.7523809523809524,1.3277591973244147,0.75,3.7483766233766236,-0.19469026548672566,0.38095238095238093,-0.9565217391304348,2.011904761904762,-0.5555555555555556,3.0,3.5652173913043477,0.07692307692307693,-0.4262295081967213,-0.782608695652174,1.319767441860465,0.19318181818181818,1.75,-0.5,5.333333333333333,6.0,-1.0,5.785714285714286,0.1,1.5555555555555556,-1.0,2.0,0.5,0.8,,6.0,0.5,,,,0.5,2.5,-0.125,,4.25,,5.0,,-1.0,,,,,,,,,3.0,,0.5,,,,,-1.0,-1.0
"Brookland, Brentwood, Langdon",Cluster 22,13551,12459,3087,8346,71,296,6,653,1092,959,190,44,136,7,302,74,44,7,122,1,0,23,1,8,0,111,47,3,0,32,1,0,5,1,9,0,0,2,7,2,0,1,1,0,0,0,21,7,0,10,0,2,0,0,1,1,0,0,0,0,0,0,1,0,0,0,0,0,1,0,0,12631,12295,1688,10071,56,126,0,354,336,292,80,9,28,1,42,57,25,6,39,1,0,2,2,0,0,43,34,4,0,3,0,0,0,0,0,0,1,0,0,0,0,1,0,0,0,0,1,0,0,1,0,0,0,0,0,0,0,0,0,0,0,0,0,0,0,0,0,0,0,0,0,0.07283667168078536,0.013338755591703945,0.8287914691943128,-0.17128388442061365,0.26785714285714285,1.3492063492063493,,0.844632768361582,2.25,2.2842465753424657,1.375,3.888888888888889,3.857142857142857,6.0,6.190476190476191,0.2982456140350877,0.76,0.16666666666666666,2.128205128205128,0.0,,10.5,-0.5,,,1.5813953488372092,0.38235294117647056,-0.25,,9.666666666666666,,,,,,,-1.0,,,,,0.0,,,,,20.0,,,9.0,,,,,,,,,,,,,,,,,,,,,
"Woodridge, Fort Lincoln, Gateway",Cluster 24,9878,9226,1023,7682,38,203,4,276,652,580,142,19,54,3,163,73,25,0,86,0,0,5,1,5,4,61,19,13,0,14,2,1,0,3,4,0,2,0,2,0,1,0,0,0,0,0,11,2,0,7,0,0,0,0,0,0,0,1,0,0,1,0,0,0,0,0,0,0,0,0,0,6786,6578,440,5812,32,100,1,193,208,166,53,7,14,0,14,50,6,2,18,0,0,0,0,2,0,40,28,7,0,1,1,0,0,0,0,0,2,0,0,1,0,0,0,0,0,0,2,2,0,0,0,0,0,0,0,0,0,0,0,0,0,0,0,0,0,0,0,0,0,0,0,0.4556439728853522,0.4025539677713591,1.325,0.32174810736407433,0.1875,1.03,3.0,0.43005181347150256,2.1346153846153846,2.4939759036144578,1.679245283018868,1.7142857142857142,2.857142857142857,,10.642857142857142,0.46,3.1666666666666665,-1.0,3.7777777777777777,,,,,1.5,,0.525,-0.32142857142857145,0.8571428571428571,,13.0,1.0,,,,,,0.0,,,-1.0,,,,,,,4.5,0.0,,,,,,,,,,,,,,,,,,,,,,,
"Cathedral Heights, McLean Gardens, Glover Park",Cluster 14,20942,18727,14561,1564,67,1924,5,606,2215,2068,194,83,398,19,1245,18,29,0,51,2,0,9,4,13,3,124,24,9,2,27,2,1,29,6,13,0,3,3,3,0,1,1,0,0,0,0,18,4,1,9,0,2,0,0,1,0,0,0,0,0,1,0,5,1,2,0,1,1,0,0,0,19406,18880,16273,911,43,1283,5,365,526,475,90,29,226,15,44,13,10,1,17,1,0,0,11,17,1,49,24,5,0,2,6,0,2,3,5,1,1,0,0,0,0,0,0,0,0,0,2,0,0,1,0,1,0,0,0,0,0,0,0,0,0,0,0,0,0,0,0,0,0,0,0,0.07915077810986293,-0.008103813559322035,-0.10520494069931789,0.716794731064764,0.5581395348837209,0.49961028838659394,0.0,0.6602739726027397,3.211026615969582,3.353684210526316,1.1555555555555554,1.8620689655172413,0.7610619469026548,0.26666666666666666,27.295454545454547,0.38461538461538464,1.9,-1.0,2.0,1.0,,,-0.6363636363636364,-0.23529411764705882,2.0,1.530612244897959,0.0,0.8,,12.5,-0.6666666666666666,,13.5,1.0,1.6,-1.0,2.0,,,,,,,,,,8.0,,,8.0,,1.0,,,,,,,,,,,,,,,,,,,
"Cleveland Park, Woodley Park, Massachusetts Avenue Heights, Woodland-Normanstone Terrace",Cluster 15,14611,13043,10922,693,38,1015,1,374,1568,1466,156,78,306,3,842,17,16,0,29,3,1,5,2,8,0,90,16,7,0,13,2,0,41,1,3,0,0,1,3,0,2,1,0,0,0,0,11,4,1,6,0,0,0,0,0,0,0,0,0,0,0,0,1,1,0,0,0,0,0,0,0,14832,14381,12575,588,41,944,4,229,451,411,69,34,214,4,34,8,11,0,9,2,0,1,5,15,5,40,22,1,0,5,4,0,2,5,1,0,0,0,0,0,0,0,0,0,0,0,0,0,0,0,0,0,0,0,0,0,0,0,0,0,0,0,0,0,0,0,0,0,0,0,0,-0.014900215749730312,-0.09303942702176483,-0.13145129224652088,0.17857142857142858,-0.07317073170731707,0.07521186440677965,-0.75,0.6331877729257642,2.4767184035476717,2.5669099756690996,1.2608695652173914,1.2941176470588236,0.42990654205607476,-0.25,23.764705882352942,1.125,0.45454545454545453,,2.2222222222222223,0.5,,4.0,-0.6,-0.4666666666666667,-1.0,1.25,-0.2727272727272727,6.0,,1.6,-0.5,,19.5,-0.8,2.0,,,,,,,,,,,,,,,,,,,,,,,,,,,,,,,,,,,,
"Capitol Hill, Lincoln Park",Cluster 26,29278,27047,18622,6642,52,1137,29,565,2231,2074,254,141,548,18,913,55,44,0,60,5,0,11,17,8,0,132,31,19,0,26,3,0,20,6,12,0,4,2,5,1,2,0,0,0,0,1,25,5,0,14,2,1,0,0,0,0,2,1,0,0,0,0,0,0,0,0,0,0,0,0,0,28389,27634,16823,9633,112,711,14,341,755,688,128,71,247,8,46,55,27,4,52,1,3,3,7,31,5,60,36,6,1,0,1,0,1,3,3,0,8,0,0,0,0,0,0,0,0,1,5,2,0,0,0,0,0,0,1,0,1,1,0,0,0,0,2,1,0,0,0,0,1,0,0,0.03131494592976153,-0.021241948324527755,0.10693693158176307,-0.310495172843351,-0.5357142857142857,0.5991561181434599,1.0714285714285714,0.656891495601173,1.9549668874172186,2.01453488372093,0.984375,0.9859154929577465,1.2186234817813766,1.25,18.847826086956523,0.0,0.6296296296296297,-1.0,0.15384615384615385,4.0,-1.0,2.6666666666666665,1.4285714285714286,-0.7419354838709677,-1.0,1.2,-0.1388888888888889,2.1666666666666665,-1.0,,2.0,,19.0,1.0,3.0,,-0.5,,,,,,,,,0.0,4.0,1.5,,,,,,,-1.0,,1.0,0.0,,,,,-1.0,-1.0,,,,,-1.0,,
Walter Reed,Cluster 40,144,124,15,105,0,1,0,3,20,18,2,2,2,0,5,6,0,1,0,0,0,0,0,0,0,2,0,0,0,0,0,0,0,0,1,0,0,0,1,0,0,0,0,0,0,0,0,0,0,0,0,0,0,0,0,0,0,0,0,0,0,0,0,0,0,0,0,0,0,0,0,355,344,244,71,6,9,1,13,11,10,2,1,1,2,0,1,3,0,0,0,0,0,0,0,0,1,1,0,0,0,0,0,0,0,0,0,0,0,0,0,0,0,0,0,0,0,0,0,0,0,0,0,0,0,0,0,0,0,0,0,0,0,0,0,0,0,0,0,0,0,0,-0.5943661971830986,-0.6395348837209303,-0.9385245901639344,0.4788732394366197,-1.0,-0.8888888888888888,-1.0,-0.7692307692307693,0.8181818181818182,0.8,0.0,1.0,1.0,-1.0,,5.0,-1.0,,,,,,,,,1.0,-1.0,,,,,,,,,,,,,,,,,,,,,,,,,,,,,,,,,,,,,,,,,,,,
Rock Creek Park,Cluster 41,625,574,501,25,2,29,2,15,51,50,6,0,15,0,26,1,0,0,1,0,0,1,0,0,0,1,0,0,0,0,0,0,0,0,0,0,0,0,1,0,0,0,0,0,0,0,0,0,0,0,0,0,0,0,0,0,0,0,0,0,0,0,0,0,0,0,0,0,0,0,0,504,501,320,153,1,22,0,5,3,3,0,0,3,0,0,0,0,0,0,0,0,0,0,0,0,0,0,0,0,0,0,0,0,0,0,0,0,0,0,0,0,0,0,0,0,0,0,0,0,0,0,0,0,0,0,0,0,0,0,0,0,0,0,0,0,0,0,0,0,0,0,0.2400793650793651,0.14570858283433133,0.565625,-0.8366013071895425,1.0,0.3181818181818182,,2.0,16.0,15.666666666666666,,,4.0,,,,,,,,,,,,,,,,,,,,,,,,,,,,,,,,,,,,,,,,,,,,,,,,,,,,,,,,,,
Observatory Circle,Cluster 42,29,25,20,0,0,0,0,5,4,4,0,0,0,0,4,0,0,0,0,0,0,0,0,0,0,0,0,0,0,0,0,0,0,0,0,0,0,0,0,0,0,0,0,0,0,0,0,0,0,0,0,0,0,0,0,0,0,0,0,0,0,0,0,0,0,0,0,0,0,0,0,6,6,5,0,0,1,0,0,0,0,0,0,0,0,0,0,0,0,0,0,0,0,0,0,0,0,0,0,0,0,0,0,0,0,0,0,0,0,0,0,0,0,0,0,0,0,0,0,0,0,0,0,0,0,0,0,0,0,0,0,0,0,0,0,0,0,0,0,0,0,0,3.8333333333333335,3.1666666666666665,3.0,,,-1.0,,,,,,,,,,,,,,,,,,,,,,,,,,,,,,,,,,,,,,,,,,,,,,,,,,,,,,,,,,,,,,,,,
Saint Elizabeths,Cluster 43,982,963,46,900,0,1,0,16,19,17,2,0,2,1,2,3,1,1,4,0,0,1,0,0,0,1,1,0,0,0,0,0,0,0,0,0,0,0,0,0,0,0,0,0,0,0,1,1,0,0,0,0,0,0,0,0,0,0,0,0,0,0,0,0,0,0,0,0,0,0,0,766,758,50,699,3,4,1,1,8,7,0,0,0,0,0,2,1,0,1,0,1,0,2,0,0,1,1,0,0,0,0,0,0,0,0,0,0,0,0,0,0,0,0,0,0,0,0,0,0,0,0,0,0,0,0,0,0,0,0,0,0,0,0,0,0,0,0,0,0,0,0,0.2819843342036554,0.2704485488126649,-0.08,0.2875536480686695,-1.0,-0.75,-1.0,15.0,1.375,1.4285714285714286,,,,,,0.5,0.0,,3.0,,-1.0,,-1.0,,,0.0,0.0,,,,,,,,,,,,,,,,,,,,,,,,,,,,,,,,,,,,,,,,,,,,
Joint Base Anacostia-Bolling,Cluster 44,4953,4362,2447,1525,29,141,8,212,591,517,90,57,98,9,186,19,12,7,23,0,0,2,13,1,0,59,25,12,0,2,1,0,6,3,8,0,1,0,1,0,0,0,0,0,0,0,15,5,0,10,0,0,0,0,0,0,0,0,0,0,0,0,0,0,0,0,0,0,0,0,0,4748,4517,1847,2382,25,123,13,127,231,210,87,16,36,3,13,14,12,6,3,0,0,0,17,1,2,20,12,3,0,1,1,0,0,2,0,0,0,0,0,1,0,0,0,0,0,0,1,0,0,0,1,0,0,0,0,0,0,0,0,0,0,0,0,0,0,0,0,0,0,0,0,0.04317607413647852,-0.03431481071507638,0.32485110990795885,-0.35978169605373633,0.16,0.14634146341463414,-0.38461538461538464,0.6692913385826772,1.5584415584415585,1.4619047619047618,0.034482758620689655,2.5625,1.7222222222222223,2.0,13.307692307692308,0.35714285714285715,0.0,0.16666666666666666,6.666666666666667,,,,-0.23529411764705882,0.0,-1.0,1.95,1.0833333333333333,3.0,,1.0,0.0,,,0.5,,,,,,-1.0,,,,,,,14.0,,,,-1.0,,,,,,,,,,,,,,,,,,,,
"Arboretum, Anacostia River",Cluster 46,10,8,1,7,0,0,0,0,2,2,0,0,0,0,0,0,0,0,2,0,0,0,0,0,0,0,0,0,0,0,0,0,0,0,0,0,0,0,0,0,0,0,0,0,0,0,0,0,0,0,0,0,0,0,0,0,0,0,0,0,0,0,0,0,0,0,0,0,0,0,0,31,31,3,28,0,0,0,0,0,0,0,0,0,0,0,0,0,0,0,0,0,0,0,0,0,0,0,0,0,0,0,0,0,0,0,0,0,0,0,0,0,0,0,0,0,0,0,0,0,0,0,0,0,0,0,0,0,0,0,0,0,0,0,0,0,0,0,0,0,0,0,-0.6774193548387096,-0.7419354838709677,-0.6666666666666666,-0.75,,,,,,,,,,,,,,,,,,,,,,,,,,,,,,,,,,,,,,,,,,,,,,,,,,,,,,,,,,,,,,,,,,,
"National Mall, Potomac River",Cluster 45,284,253,122,122,3,2,1,3,31,18,1,4,2,0,8,0,0,0,3,0,0,0,0,0,0,13,2,4,0,1,0,0,1,0,1,0,0,0,0,4,0,0,0,0,0,0,0,0,0,0,0,0,0,0,0,0,0,0,0,0,0,0,0,0,0,0,0,0,0,0,0,41,41,9,31,0,1,0,0,0,0,0,0,0,0,0,0,0,0,0,0,0,0,0,0,0,0,0,0,0,0,0,0,0,0,0,0,0,0,0,0,0,0,0,0,0,0,0,0,0,0,0,0,0,0,0,0,0,0,0,0,0,0,0,0,0,0,0,0,0,0,0,5.926829268292683,5.170731707317073,12.555555555555555,2.935483870967742,,1.0,,,,,,,,,,,,,,,,,,,,,,,,,,,,,,,,,,,,,,,,,,,,,,,,,,,,,,,,,,,,,,,,,
